children,teen,young_adult,adult,senior
10805728.82700004,4805372.6609999975,5787053.107999962,8810719.085999738,602602.3180000006
