children,teen,young_adult,adult,senior
14443287.800000105,6213061.280000008,7531921.880000027,12149504.349999964,901115.0100000018
