children,teen,young_adult,adult,senior
11388842.339000368,4702396.052999854,5770046.33099971,8081163.299999544,444838.1030000018
