children,teen,young_adult,adult,senior
10804501.78040071,4715933.942300025,5825809.150700064,8995923.352200415,684942.5803000012
