children,teen,young_adult,adult,senior
11274704.562001804,4947738.547999881,5537464.244999882,8603706.807000123,440347.1220000045
