children,teen,young_adult,adult,senior
1.0140509242222786,0.117810074071891,0.014074674081171079,0.0,0.0
0.0,0.7467065835403559,0.2243860735251951,0.01961022257672002,0.0
0.004743956872410125,0.0,0.8641536110389998,0.14924085829934491,0.0
0.004886959325013466,0.0,0.0,0.9608896165545654,0.014180872153813341
0.0,0.0,0.0,0.0,0.8583661462336454
