chilren,teen,young_adult,adult,senior
1.028178611,0.207438663,0,0,0
0,0.557441681,0.361460785,0,0
0.009639629,0,0.746635663,0.272387804,0
0.009652015,0,0,0.923338192,0.025798186
0,0,0,0,0.736792441
