children,teen,adult,young_adult,senior,death
0.758070114,0.230658972,0,0,0,0.0865
0.020778527,0.600712435,0.395035659,0,0,0.00761675
0.020778184,0,0.750655132,0.24358872,0,0.00761675
0.020776436,0,0,0.943233308,0.044202496,0.00761675
0,0,0,0,0.781553833,0.217404937
0.086484706,0.007616632,0.007616632,0.007616632,0.2175248,0
