children,teen,young_adult,adult,senior
0.7805908273028079,0.21940917269719207,0.0,0.0,0.0
0.0,0.6400187041362173,0.35998129586378275,0.0,0.0
0.0,0.0,0.7315777593630635,0.26842224063693654,0.0
0.0,0.0,0.0,0.965940965361467,0.034059034638533034
0.0,0.0,0.0,0.0,0.8305738587749758
