children,teen,young_adult,adult,senior
0.7547741100068157,0.2452258899931843,0.0,0.0,0.0
0.0,0.6362128408147552,0.3637871591852449,0.0,0.0
0.0,0.0,0.7255036413985887,0.27449635860141125,0.0
0.0,0.0,0.0,0.9713978250086286,0.028602174991371413
0.0,0.0,0.0,0.0,0.8379372735261136
