children,teen,young_adult,adult,senior
0.7646796923390228,0.23532030766097725,0.0,0.0,0.0
0.0,0.6023258510355682,0.39767414896443176,0.0,0.0
0.0,0.0,0.7579151930049035,0.24208480699509646,0.0
0.0,0.0,0.0,0.9545696171132213,0.045430382886778684
0.0,0.0,0.0,0.0,0.7732609063607132
