children,teen,young_adult,adult,senior
2413550.3540001675,938300.4019999881,1005229.3989999846,1469604.7299999504,74530.72400000002
