children,teen,young_adult,adult,senior
2536363.8928998653,1012939.2568000144,1043628.3083000121,1692826.6254000783,81151.7589999999
