children,teen,young_adult,adult,senior
2650753.853999991,1092774.5989999976,1172510.8910000112,1708514.8249999203,74741.2329999999
