children,teen,young_adult,adult,senior
3406113.7499998673,1183203.5299999893,1348655.9799999841,2032291.600000008,149017.49999999977
