children,teen,young_adult,adult,senior
2716511.085999946,937676.2290000136,1076442.698000009,1797207.632999979,71189.28199999982
