children,teen,young_adult,adult,senior
0.7620018324951829,0.237998167504817,0.0,0.0,0.0
0.0,0.6028617049499791,0.39713829505002085,0.0,0.0
0.0,0.0,0.7690043514631757,0.23099564853682428,0.0
0.0,0.0,0.0,0.9491395466380033,0.05086045336199676
0.0,0.0,0.0,0.0,0.7781819855792884
