children,teen,young_adult,adult,senior
0.8488241446946762,0.15117585530532388,0.0,0.0,0.0
0.0,0.6956277005882228,0.3043722994117772,0.0,0.0
0.013427904789044895,0.0,0.6184334722490551,0.3815665277509449,0.0
0.013427904789044895,0.0,0.0,0.9897572612389087,0.010242738761091283
0.0,0.0,0.0,0.0,0.7883060109289617
