children,teen,young_adult,adult,senior
0.7745483190148001,0.2254516809851999,0.0,0.0,0.0
0.0,0.6418302832761411,0.35816971672385883,0.0,0.0
0.02462705021863098,0.0,0.7179656142152788,0.2820343857847211,0.0
0.02462705021863098,0.0,0.0,0.9556514240926965,0.04434857590730349
0.0,0.0,0.0,0.0,0.7205421890280724
