children,teen,young_adult,adult,senior
0.8866913294833042,0.12792740445212494,0.01660374401651052,0.0022843743663534255,8.858835530025592e-05
0.001928169031104765,0.7879116628160454,0.2284782034832943,0.016609892330618103,0.0005171366337891978
0.015258379656121951,0.00108803690275866,0.8737103283158085,0.1282006871652176,0.0018982936424915267
0.015490139106820983,0.0011236980390055828,0.00027795217972886865,0.9752941091406916,0.026123121301836603
0.0,0.0,0.0,0.0,0.8894982967223578
