children,teen,young_adult,adult,senior
0.8866429595531328,0.12702980319444715,0.01571770828467184,0.002296514822261786,7.699207682837668e-05
0.001598284416795881,0.799853691545434,0.21666648847086561,0.016727498836884597,0.0004506592343808142
0.013496798064691562,0.0009495399721491382,0.864479571973457,0.13729887370917251,0.0017742261706203428
0.013678226977062724,0.0009770265232385555,0.00023153865960989783,0.9783197606702945,0.022802243561919563
0.0,0.0,0.0,0.0,0.899250072781621
