children,teen,young_adult,adult,senior
0.8802245805539394,0.13894320155746465,0.02192293011812571,0.003093803841370618,9.048972809610513e-05
0.0021501137924347657,0.7444705368670669,0.27628716491392963,0.020882131884239152,0.0004882950451955267
0.01368918039961306,0.0010875380048604444,0.8708753919375026,0.13058115895993347,0.0014084735166718732
0.01383314039666969,0.0011124764399798037,0.000329395287433476,0.9829031991991228,0.018504198557006007
0.0,0.0,0.0,0.0,0.8434130877440263
