children,teen,young_adult,adult,senior
0.884359926427157,0.1256834963772369,0.012074516956173509,0.002127806874783311,4.905913373267441e-05
0.00048181597615504224,0.8503138920185718,0.1647968408942018,0.015291718212832706,0.0002812935302243429
0.00559567454293225,0.0003791178512552451,0.8310211288162019,0.17036821218484866,0.0015265907167023225
0.005647235124307093,0.0003865734103844498,7.260166835393322e-05,0.9856549346858773,0.015291010734972759
0.0,0.0,0.0,0.0,0.8752128804530092
