children,teen,young_adult,adult,senior
0.8811076075969244,0.13649964484594101,0.01998878938598367,0.0027591518137377313,0.00011651993233337786
0.0023118329076325106,0.7615202392577316,0.2571005824236118,0.018858635713433602,0.0006372127335123635
0.015959358490838266,0.0012322544861219642,0.8746320572751032,0.12737223669937417,0.002008041115756371
0.016208980140139467,0.0012741454715102796,0.000352350034340726,0.9746126411671224,0.027314568460699462
0.0,0.0,0.0,0.0,0.856643692219229
