children,teen,young_adult,adult,senior
0.9213754481370892,0.08611490840140328,0.009470182173287607,0.0020469851251921486,1.6717799740882756e-05
0.0006593512104878047,0.8341095436379666,0.1878132871516555,0.02199436232129815,0.0001453834270147178
0.006983521424544019,0.000327487039342674,0.7864767537897006,0.21419186911419286,0.0006958866411822227
0.007007112007408364,0.0003299112125169806,7.203651097986445e-05,0.9948468384445855,0.00544052914435321
0.0,0.0,0.0,0.0,0.8878659870323683
