children,teen,young_adult,adult,senior
0.885473530246457,0.13060563659735158,0.018385199098090887,0.0025510385761754184,7.493387739043603e-05
0.0015313692882487767,0.7706483740708134,0.24741765464683388,0.018259186613392098,0.00043165930129303396
0.011077344226033736,0.0008149159219094648,0.8721744627594774,0.12930129419759526,0.001447021849820697
0.011205116119660796,0.0008352670289309416,0.0002226564526404684,0.9812104052015486,0.019794746169257804
0.0,0.0,0.0,0.0,0.8958046896793355
