children,teen,young_adult,adult,senior
0.8684419615725041,0.1502597859855878,0.021381326851091592,0.0030315520311357813,0.00014600612323139618
0.0016999858122550837,0.7705064186109383,0.2476545756262719,0.018542325498628776,0.0007162307312451113
0.01217946500351838,0.0010291873961186804,0.8720205132109784,0.13031354662569467,0.0023820685457840267
0.012410053069576418,0.0010713835395174676,0.0002881406756599092,0.9697063985400182,0.03212943057530835
0.0,0.0,0.0,0.0,0.8845975507942668
