children,teen,young_adult,adult,senior
0.8755224326550912,0.13985170400123906,0.01844280932173345,0.003264437878258142,8.161063965122064e-05
0.0010073424482142657,0.7956528257272647,0.22538016417052142,0.021265289351053346,0.0004263747700576767
0.008256108278310942,0.0006411692944111869,0.8335632411334561,0.16797933473122378,0.0016142667885153134
0.008338342360415807,0.0006550061368228444,0.00016578317057430736,0.9845214764982341,0.016454867341559577
0.0,0.0,0.0,0.0,0.8781305904536786
