children,teen,young_adult,adult,senior
0.8734009847818304,0.1434323972694699,0.0194212720286783,0.002849533344638777,8.468721190389153e-05
0.0014116822957322556,0.7826907436219462,0.23535949757088812,0.018277646809856662,0.00043990033480044
0.010781248198827448,0.0008647761775392726,0.8648388082134137,0.13685539793019738,0.0015947959207563873
0.010920103022186253,0.0008887918806017581,0.0002284283159921241,0.9793629493935878,0.021144609414290107
0.0,0.0,0.0,0.0,0.948848102221216
