children,teen,young_adult,adult,senior
0.8757591722435357,0.141060067486172,0.019385713814217054,0.0028266887749217318,0.0001346435887954688
0.0011943922623394027,0.778504105124224,0.2395413977009892,0.01846964777001392,0.0007027579826940234
0.008950965493730367,0.0007069674924737313,0.8672907916648935,0.13493184110010065,0.0024168257757263938
0.009111572070884907,0.0007344471437920608,0.00019175750151118054,0.9713065051655527,0.030900319891047575
0.0,0.0,0.0,0.0,0.8571756875385387
