children,teen,young_adult,adult,senior
0.8679859376316841,0.14919442026487367,0.019132479037541644,0.002185112673135148,4.9005441762755685e-05
0.0014396376750659412,0.787500631595383,0.2260367131037719,0.013536757825085483,0.00024019688296979518
0.011221242462305547,0.0009351539719334168,0.8946668424395278,0.10626896827921595,0.0008758623705972758
0.011310827117770372,0.000950994167459307,0.00022927654375287654,0.9867456712916365,0.014344025041576643
0.0,0.0,0.0,0.0,0.8448190291677742
