children,teen,young_adult,adult,senior
0.8699256500872432,0.15080575514017647,0.024265797973791692,0.003814736915752237,8.503022658048814e-05
0.0014913343098270498,0.745604686261223,0.2776171167372771,0.023420566865752834,0.00042496418877081355
0.009486587578819511,0.0008174480385073069,0.8554336964775386,0.1459798602922876,0.0012719682877749125
0.009578900179108868,0.0008348159652885045,0.00025228647524708214,0.9845335764151655,0.015780374250371678
0.0,0.0,0.0,0.0,0.9547236932347191
