children,teen,young_adult,adult,senior
0.8660247695289305,0.15062402117789578,0.01909163957282516,0.002560133199295285,2.706093238580369e-05
0.0006689291563975484,0.7949580896173397,0.22058817333483502,0.015582821309405871,0.00013317278889458413
0.005421676065473275,0.0004544926734609212,0.874326499490531,0.12627316191670798,0.0005244162810180559
0.005446879948843188,0.0004589814173813424,0.00010994203310881566,0.9924366977351999,0.007661210568139681
0.0,0.0,0.0,0.0,0.9700060963716182
