children,teen,young_adult,adult,senior
0.8929553635093487,0.12210116479303243,0.01713467472076982,0.002405749501377452,9.100447128280011e-05
0.0022473751772707634,0.7706548506298758,0.2475991662668182,0.018500609252447953,0.0005650637974128356
0.01633934671733303,0.0011227710443093009,0.8714721093927899,0.13048732608978858,0.0018949385790695827
0.01658606592133066,0.0011596579444324018,0.0003093479211135619,0.9754036756442763,0.025799870003720863
0.0,0.0,0.0,0.0,0.9040126986808138
