children,teen,young_adult,adult,senior
0.9043203208319524,0.10909328025030071,0.015524705385322746,0.00230517433863911,9.144440815027702e-05
0.0011764529999818418,0.7679952035162437,0.25156445246391346,0.01999363383163061,0.0006409529904924183
0.008507300132148399,0.0005229563802108539,0.8634639565873636,0.13852349378911102,0.00210560021097514
0.008639434212449254,0.0005407552077389133,0.00014696419085363788,0.974803290875232,0.026658732316090526
0.0,0.0,0.0,0.0,0.8898354521463062
