children,teen,young_adult,adult,senior
0.9141531729013777,0.0961765858232879,0.012887822831638578,0.002675893057035551,7.745395464105644e-05
0.0006145852640423099,0.7955437165507302,0.2299169146832155,0.0259130786833702,0.0006070584885988327
0.0051582485399497965,0.0002751981078227492,0.8016387327064359,0.20038167660379444,0.0022667142760809714
0.005217985747288715,0.00028226705393735827,7.407552263540437e-05,0.9823034023606855,0.018916119238908617
0.0,0.0,0.0,0.0,0.8703307518580082
