children,teen,young_adult,adult,senior
0.8609701005092997,0.15509983275783032,0.01793389770035042,0.0020628705268965764,6.671518777545855e-05
0.0009881175602056147,0.8089809181425978,0.202995871748166,0.01212108577778645,0.0003136260868666788
0.008652271746035944,0.000740053103448185,0.8946420690126946,0.10672397121103017,0.0013274701637735597
0.00876716173976741,0.0007607889878347707,0.00016641423822161272,0.978192905304492,0.022642154216189418
0.0,0.0,0.0,0.0,0.9250984741301068
