children,teen,young_adult,adult,senior
0.8839393192584932,0.13177997136557196,0.018043548727125297,0.00267820061652152,0.00011883067820117697
0.0021389258906737707,0.7791542495031603,0.23937837516741764,0.01884391089194759,0.0006711944067148579
0.016153856647795922,0.0011915014631519172,0.8643940989616498,0.1379019554889456,0.0023288097163257967
0.016432367249863966,0.0012361282617786573,0.00032252916765174167,0.9723408490445187,0.02943400261793679
0.0,0.0,0.0,0.0,0.8773914954497486
