children,teen,young_adult,adult,senior
0.8803057492094367,0.13405393257986425,0.01685133371835923,0.0027623802552023957,0.00010440191988386489
0.0015389965732298116,0.8013913914308834,0.217197551533572,0.018861602161072688,0.0005683966228541872
0.013066924881193182,0.0009687289244849351,0.8475605863489682,0.1545021981173378,0.002210531981899214
0.01325327252041461,0.0009985954437343736,0.00024120915993458558,0.9775268339329484,0.024283662973550398
0.0,0.0,0.0,0.0,0.8488475652483621
