children,teen,young_adult,adult,senior
0.8954263201408146,0.11719685512729763,0.014703801975915032,0.002280215330054264,7.806629605918748e-05
0.0012244333258470408,0.7980880442118324,0.21969310911166073,0.018092516433902278,0.0005000653469103477
0.010298645336643153,0.000668886882982056,0.855666416488474,0.14623694907688983,0.0019497457439034815
0.010443322730797094,0.0006892524750223838,0.0001663701801062345,0.9774780112579301,0.02355705929738843
0.0,0.0,0.0,0.0,0.910601840485289
