children,teen,young_adult,adult,senior
210343.13219999959,95367.13160000024,100388.6534,161455.67549999923,20632.82339999999
