children,teen,young_adult,adult,senior
430741.32500000414,196727.08600000045,217640.05400000018,319236.4850000016,33282.094999999994
