children,teen,young_adult,adult,senior
305448.8799999977,96756.2410000001,151438.07000000108,182909.19900000078,10452.054
