children,teen,young_adult,adult,senior
51137.05999999986,20466.279999999955,16491.159999999967,29071.35999999992,700.98
