children,teen,young_adult,adult,senior
51107.308000000245,12972.822999999973,18816.900999999987,24579.673000000006,1515.3590000000002
