children,teen,young_adult,adult,senior
66598.09300000026,21541.027999999966,27776.99099999996,45622.704000000005,321.33899999999994
