children,teen,young_adult,adult,senior
139025.42400000163,50690.14999999989,60595.286999999786,81973.8900000002,4743.584999999999
