children,teen,young_adult,adult,senior
383885.0765000032,166095.13769999985,174894.70549999978,272813.96260000096,22611.879100000002
