children,teen,young_adult,adult,senior
243125.13000000015,75578.5199999998,97562.92000000004,147915.4000000004,11127.210000000008
