children,teen,young_adult,adult,senior
872864.0799999901,364408.9870000009,387572.0730000007,607749.7569999971,57435.838
