children,teen,young_adult,adult,senior
187971.7784999995,84501.46890000027,87811.6639000002,110515.89620000031,17153.7651
