children,teen,young_adult,adult,senior
2348798.2979999394,1428192.5919999653,1745559.3239999572,2789669.475999882,178289.81400000036
