children,teen,young_adult,adult,senior
341726.92599999905,106597.77899999973,122222.57199999964,196417.31699999992,10365.928000000002
