children,teen,young_adult,adult,senior
101122.08000000012,22407.990000000016,27564.49999999999,56222.329999999834,4971.830000000001
