children,teen,young_adult,adult,senior
566366.0800000108,182507.13999999993,202190.58000000063,309528.5200000032,27928.640000000007
