children,teen,young_adult,adult,senior
447644.5499999998,206882.3500000003,190901.22999999978,301296.1299999993,34468.05
