children,teen,young_adult,adult,senior
495782.16499999625,191075.44799999974,209711.28900000014,318924.91299999965,36316.06499999998
