children,teen,young_adult,adult,senior
215492.94700000025,136835.39400000096,172563.0150000013,253027.65799999883,26164.956999999984
