children,teen,young_adult,adult,senior
1278677.6300000015,716835.2400000023,725005.21,1080892.2100000025,131901.21000000005
