children,teen,young_adult,adult,senior
580699.7980000078,250870.58899999922,238727.8299999986,339007.01099999866,26175.302000000003
