children,teen,young_adult,adult,senior
58352.70780000012,13349.042800000008,10583.587900000017,29427.91639999992,69.2135
