children,teen,young_adult,adult,senior
1036652.8140000062,486283.80499999935,539724.3029999983,751486.2959999996,127585.84699999994
