children,teen,young_adult,adult,senior
78599.17000000089,24503.869999999955,33748.15999999984,35178.31000000007,1489.1799999999998
