children,teen,young_adult,adult,senior
799990.182999986,364168.8410000017,374675.4360000015,509405.5750000002,64530.717000000055
