children,teen,young_adult,adult,senior
176836.0759000023,82601.51189999976,83649.14559999964,103913.99769999982,13206.438800000005
