children,teen,young_adult,adult,senior
95509.39400000077,39392.05299999996,37933.854999999945,68763.43600000044,6123.130999999999
