children,teen,young_adult,adult,senior
1256725.4449999959,506861.84700000356,566551.7110000048,832143.9820000019,82617.96200000003
