children,teen,young_adult,adult,senior
33950.40200000014,13358.764999999956,15093.906999999946,23878.358999999982,540.4830000000001
