children,teen,young_adult,adult,senior
207526.90050000045,76599.43230000009,76284.25500000021,109845.01060000013,12019.903499999991
