children,teen,young_adult,adult,senior
86515.04299999987,35540.373000000094,41686.2690000001,57725.77900000006,3605.9060000000018
