children,teen,young_adult,adult,senior
570396.3322000004,267971.6550999998,331780.2964000001,511750.30710000213,78131.90239999996
