children,teen,young_adult,adult,senior
1073282.1759999958,558300.3000000006,655658.3670000025,921209.464000004,116170.94399999996
