children,teen,young_adult,adult,senior
271570.7609999993,165202.34919999976,172978.24369999973,294896.8164999982,46722.76670000002
