children,teen,young_adult,adult,senior
197046.45199999932,74858.38900000007,81451.61599999995,109308.28800000019,8503.435
