children,teen,young_adult,adult,senior
2593002.1600000123,1322638.7299999946,1981589.359999989,2739256.8600000115,277694.9400000001
