children,teen,young_adult,adult,senior
23225.03800000008,8148.7010000000055,7324.740000000001,14153.382000000049,79.622
