children,teen,young_adult,adult,senior
787703.8860999993,387567.54100000294,417341.11800000456,603185.2573000012,96034.08209999997
