children,teen,young_adult,adult,senior
68699.93670000047,13544.450599999975,13854.683799999979,42223.49379999994,45.2035
