children,teen,young_adult,adult,senior
533646.531999999,224582.41299999974,213705.6169999998,340342.98800000333,52028.37800000014
