children,teen,young_adult,adult,senior
363575.9480000021,203900.15399999963,192270.23199999947,349767.8640000018,42764.059999999954
