children,teen,young_adult,adult,senior
17756.402999999937,6369.534999999992,10178.10900000006,13144.205999999986,141.832
