children,teen,young_adult,adult,senior
222285.8899999988,80745.9600000002,99568.4300000002,145913.58999999907,10699.429999999998
