children,teen,young_adult,adult,senior
364300.68000000285,117280.93000000011,150380.7500000001,216906.62999999878,15720.210000000003
