children,teen,young_adult,adult,senior
193215.9610000005,52063.156999999985,77029.10100000008,113589.93300000006,9768.123999999993
