children,teen,young_adult,adult,senior
434947.4899999972,168732.4160000009,188633.30900000065,256848.19200000007,15794.070999999996
