children,teen,young_adult,adult,senior
520594.7250000025,261300.9030000006,277746.8859999996,368043.45399999793,29182.127000000015
