children,teen,young_adult,adult,senior
596825.9300000032,255581.33000000045,266362.76000000036,368969.51999999885,29879.250000000004
