children,teen,young_adult,adult,senior
48278.16600000009,15676.529999999986,14087.196999999947,25338.87900000013,777.4520000000003
