children,teen,young_adult,adult,senior
534358.7460000085,146134.90999999986,128424.69799999989,310859.5539999992,26990.03799999999
