children,teen,young_adult,adult,senior
174970.75099999804,79107.719,86037.18700000017,95156.83500000018,7455.675
