children,teen,young_adult,adult,senior
625642.6796999968,266677.33029999974,340938.39080000075,546161.6151999999,66157.52370000006
