children,teen,young_adult,adult,senior
1632234.2709999974,855916.4619999969,928512.0589999949,1533196.3559999939,194286.5949999998
