children,teen,young_adult,adult,senior
523106.92700000014,245832.6440000007,261622.84700000056,360652.441000003,51867.01899999992
