children,teen,young_adult,adult,senior
1049771.678999983,443229.9860000011,436017.15200000064,622757.5229999967,47076.73099999998
