children,teen,young_adult,adult,senior
267120.0730000003,151554.42999999976,160831.1869999998,266768.8259999998,38736.43500000002
