children,teen,young_adult,adult,senior
95842.09199999979,21929.86199999995,20180.709000000003,53471.12200000004,1492.5199999999998
