children,teen,young_adult,adult,senior
448544.38000000094,185327.22999999995,228388.9199999994,329422.5600000001,26447.910000000007
