children,teen,young_adult,adult,senior
147853.6070000001,50950.94500000006,59730.99900000009,77127.90599999967,9359.642
