children,teen,young_adult,adult,senior
75547.9909999995,32766.179999999906,29045.354999999978,49154.90499999948,1414.2829999999997
