children,teen,young_adult,adult,senior
1044934.8909999889,460911.0030000013,496639.9690000009,742383.8829999994,101456.62100000007
