children,teen,young_adult,adult,senior
76555.0630000001,33393.524000000136,26076.793,51283.42500000002,1332.7100000000003
