children,teen,young_adult,adult,senior
356641.26000000315,158221.8399999996,176358.25999999983,217338.42000000182,22739.08999999999
