children,teen,young_adult,adult,senior
702273.9821999967,304756.72140000045,411726.00229999924,616288.9361999953,105695.00360000001
