children,teen,young_adult,adult,senior
1068446.4199999885,513380.6699999983,619683.1699999991,900467.7099999855,111340.01000000018
