children,teen,young_adult,adult,senior
218840.03000000073,95529.7501000001,100605.67990000006,138782.93869999945,13564.467300000006
