children,teen,young_adult,adult,senior
226833.2219999984,91240.5810000003,92146.52900000033,153844.01599999974,5904.527000000001
