children,teen,young_adult,adult,senior
118657.0149999991,65094.64100000055,66066.12600000044,70182.84500000009,5189.2080000000005
