children,teen,young_adult,adult,senior
131758.0309999999,62616.63000000003,78868.105,107774.66899999998,4328.895
