children,teen,young_adult,adult,senior
421627.2580000062,157237.55099999937,179580.77199999848,259104.5699999983,9294.686000000002
