children,teen,young_adult,adult,senior
367642.1619999993,215534.05399999843,223930.08899999893,369497.43799999956,54404.59999999997
