children,teen,young_adult,adult,senior
1056685.6350000072,409785.09699999966,398375.15199999925,642445.672000005,54604.47299999995
