children,teen,young_adult,adult,senior
202154.6782999996,107959.85079999994,102326.16969999991,152428.3946000007,21606.5468
