children,teen,young_adult,adult,senior
412336.3845000022,213545.59359999982,213867.69689999986,322837.27680000005,33011.759300000005
