children,teen,young_adult,adult,senior
539358.6859999996,305927.8889999988,347409.4749999996,490076.11299999966,24987.944000000007
