children,teen,young_adult,adult,senior
54028.06900000044,18101.348999999973,17510.073000000004,33525.334999999846,1255.2770000000005
