children,teen,young_adult,adult,senior
196068.18600000147,92350.52900000004,93901.8580000001,128833.08400000026,11721.335000000006
