children,teen,young_adult,adult,senior
214014.30300000065,54222.09700000008,66355.89499999997,109096.74599999964,2907.5589999999993
