children,teen,young_adult,adult,senior
409258.70700000157,157706.69299999933,188356.7239999999,265105.98200000054,12767.206000000002
