children,teen,young_adult,adult,senior
458098.88599999825,181530.9790000002,211461.1089999995,342769.0869999983,28303.483000000007
