children,teen,young_adult,adult,senior
340865.8280000012,154910.9250000012,127252.97500000006,226211.04100000177,12526.227
