children,teen,young_adult,adult,senior
531413.2899999996,231143.60999999993,298032.5499999988,479723.7199999976,84006.10999999999
