children,teen,young_adult,adult,senior
361873.30999999895,169232.21000000034,201090.61000000034,314841.72999999905,40929.99000000002
