children,teen,young_adult,adult,senior
290158.11000000255,137347.91000000015,187527.0900000003,317863.39000000234,45619.12999999994
