children,teen,young_adult,adult,senior
1702139.2239999904,899396.8400000014,1041025.3220000055,1494616.9229999983,218315.50500000035
