children,teen,young_adult,adult,senior
119364.73999999998,37462.499999999985,40683.32000000004,93486.89000000006,9847.389999999998
