children,teen,young_adult,adult,senior
93689.7340000011,39246.9339999998,45655.098999999616,59892.038999999924,3018.462999999999
