children,teen,young_adult,adult,senior
868583.8367999897,355336.88710000226,459202.01150000276,657923.6332999981,71832.80230000002
