children,teen,young_adult,adult,senior
246582.9289999994,131200.1038000004,187336.28989999968,278190.85699999915,37246.04970000001
