children,teen,young_adult,adult,senior
961060.256300004,498832.24609999923,661291.6358999999,1005373.4237000019,132371.60920000015
