children,teen,young_adult,adult,senior
56496.79000000046,21937.489999999914,21617.519999999902,32204.589999999986,362.63999999999993
