children,teen,young_adult,adult,senior
86955.69999999905,39037.60000000009,50355.63000000014,67706.62999999989,4485.500000000001
