children,teen,young_adult,adult,senior
394136.3000000015,191914.07999999987,193902.16000000003,374224.21000000177,59281.26000000007
