children,teen,young_adult,adult,senior
451972.7390000045,164977.27599999952,236436.8020000001,338088.0840000039,47629.64799999997
