children,teen,young_adult,adult,senior
298597.01299999835,164558.77500000037,161304.95899999992,254373.7559999995,30335.51199999999
