children,teen,young_adult,adult,senior
250370.8299999986,93299.41000000009,110393.99000000003,174523.66999999905,14497.850000000011
