children,teen,young_adult,adult,senior
282061.395000001,168515.2150000001,206159.96000000002,325289.54600000207,67425.853
