children,teen,young_adult,adult,senior
490919.04599999846,226845.14500000008,241699.11000000028,394445.84700000245,15410.207
