children,teen,young_adult,adult,senior
42617.603599999864,20485.504000000048,18113.801099999993,27962.788600000193,640.1239999999999
