children,teen,young_adult,adult,senior
807777.2672000102,340231.4773999985,409275.1816999991,618162.5849000019,70520.71400000007
