children,teen,young_adult,adult,senior
816205.796000011,292073.6399999989,303060.2039999986,445944.31499999814,36048.69800000001
