children,teen,young_adult,adult,senior
1031283.6450000078,510885.55499999865,511659.89799999876,750761.6220000064,80423.71699999999
