children,teen,young_adult,adult,senior
234981.43299999976,147384.33399999986,143817.73199999979,235164.35700000016,26294.940000000002
