children,teen,young_adult,adult,senior
196965.74619999973,81857.52429999989,76986.74719999962,90259.80029999976,2260.3014
