children,teen,young_adult,adult,senior
33846.97599999994,16683.607000000033,14629.949999999999,21499.540000000015,674.8499999999999
