children,teen,young_adult,adult,senior
965074.774000002,383707.61400000023,472586.51499999984,631465.4440000004,70306.19600000005
