children,teen,young_adult,adult,senior
1004351.2154000045,451669.4203999995,566855.4866,764405.8418000019,113856.48259999994
