children,teen,young_adult,adult,senior
110480.59899999927,67775.47100000025,62038.90300000006,89118.00299999994,7389.735000000001
