children,teen,young_adult,adult,senior
504908.34000000276,187078.15000000104,236278.34000000072,324920.6300000049,22524.24999999999
