children,teen,young_adult,adult,senior
811810.383999995,399133.70100000035,432443.21400000004,604403.4340000016,61257.34800000008
