children,teen,young_adult,adult,senior
262594.2690000014,108688.63299999964,100824.78399999952,147668.56699999928,2038.2119999999995
