children,teen,young_adult,adult,senior
413822.28100000223,125679.73299999996,145493.5669999999,231616.3209999995,13969.00499999999
