children,teen,young_adult,adult,senior
187005.87879999977,77671.96350000026,92501.29029999979,129791.17329999947,11451.521800000002
