children,teen,young_adult,adult,senior
90724.08439999979,36416.31070000001,40603.18549999988,65028.74590000016,1945.9221000000002
