children,teen,young_adult,adult,senior
453906.2720000054,177924.43599999833,191728.5939999993,283411.7239999985,9808.165
