children,teen,young_adult,adult,senior
920035.2129999928,495852.6240000002,478618.94900000043,707660.3229999983,100059.60199999987
