children,teen,young_adult,adult,senior
1032899.9500000124,448816.8699999981,520866.48199999804,781621.4410000121,98200.40699999993
