children,teen,young_adult,adult,senior
1865418.069999999,996305.8199999993,1001244.5499999989,1844327.0099999998,193158.87999999998
