children,teen,young_adult,adult,senior
589161.6700000082,180612.9409999999,224431.43199999823,293533.8339999988,12896.626000000002
