children,teen,young_adult,adult,senior
257136.06299999662,102521.85700000005,76036.90600000026,154916.80400000012,8815.685
