children,teen,young_adult,adult,senior
101489.71999999974,53058.22000000008,64072.51000000007,103948.04000000005,5092.490000000002
