children,teen,young_adult,adult,senior
461327.94900000194,229937.45299999954,265283.6649999989,439892.84600000235,27099.72499999999
