children,teen,young_adult,adult,senior
392045.38299999817,140046.3980000007,168768.72500000132,225921.72200000152,10305.902999999995
