children,teen,young_adult,adult,senior
160914.7405000012,73521.69809999997,83338.98069999988,123388.97380000034,15190.688000000006
