children,teen,young_adult,adult,senior
592263.51,223833.55000000013,240348.70000000033,393574.81000000215,51914.559999999925
