children,teen,young_adult,adult,senior
1043957.7600000002,457462.12000000075,485559.1400000017,711853.9499999984,66376.99999999997
