children,teen,young_adult,adult,senior
1017868.7020000058,522811.9579999986,561344.4019999981,829935.1260000017,75824.11999999995
