children,teen,young_adult,adult,senior
492759.1601999969,178902.10760000022,153944.08060000034,300611.82820000063,38879.34360000002
