children,teen,young_adult,adult,senior
439647.2199999978,214670.02000000022,162352.41000000067,254272.18999999823,23766.43999999999
