children,teen,young_adult,adult,senior
1146101.8179999937,439787.33999999973,421940.6690000004,632631.3829999972,72659.02500000002
