children,teen,young_adult,adult,senior
539552.0300999954,224031.57210000115,211618.98970000094,332619.82040000096,18767.267799999994
