children,teen,young_adult,adult,senior
353008.0709999981,130910.91700000058,129352.24300000041,258890.63499999934,10845.657000000005
