children,teen,young_adult,adult,senior
828243.5799999962,355735.0610000013,431882.81199999794,601159.8069999933,77715.03500000006
