children,teen,young_adult,adult,senior
129997.61600000065,58408.719999999725,57552.054999999724,65099.94899999978,6599.078000000005
