children,teen,young_adult,adult,senior
760275.387999992,232517.5100000002,274024.9249999996,467292.953999996,16566.647
