children,teen,young_adult,adult,senior
112513.86800000058,51948.64999999979,51063.02999999984,65200.08899999993,6790.420000000003
