children,teen,young_adult,adult,senior
331696.10800000053,142984.32399999956,136617.0219999998,170359.58699999988,10594.146000000004
