children,teen,young_adult,adult,senior
36213.612999999576,11504.085999999987,15932.874000000027,20912.99099999994,1165.958
