children,teen,young_adult,adult,senior
160732.69800000044,68739.2180000001,74284.02700000018,131716.39200000014,14595.705000000005
