children,teen,young_adult,adult,senior
286621.72999999725,71288.93000000012,85095.68000000005,139051.34000000014,11807.060000000003
