children,teen,young_adult,adult,senior
225804.24800000014,148574.4129999998,167356.80800000022,264838.47799999977,23671.701999999997
