children,teen,young_adult,adult,senior
39585.469000000354,9734.084999999994,14412.525999999976,22083.05300000012,1304.7379999999996
