children,teen,young_adult,adult,senior
66499.05590000018,21825.50490000003,28678.392900000108,39995.34020000025,3747.9813999999988
