children,teen,young_adult,adult,senior
115915.8682000008,39944.755499999934,46632.53769999999,68906.7995999997,1390.4512
