children,teen,young_adult,adult,senior
334238.321999998,118330.16699999999,115158.51300000011,217093.9580000003,7020.126
