children,teen,young_adult,adult,senior
88903.33399999974,38394.706000000006,40418.26400000001,58213.82799999975,4561.373
