children,teen,young_adult,adult,senior
38706.23900000006,19986.994999999908,16447.51700000003,31467.82799999985,492.6150000000001
