children,teen,young_adult,adult,senior
224952.44719999918,64100.31370000027,60133.42020000022,125874.36970000018,1988.6018000000001
