children,teen,young_adult,adult,senior
352763.4399999959,195440.3300000002,228527.8299999998,422131.009999997,64213.57000000001
