children,teen,young_adult,adult,senior
260487.77800000066,152867.7490000004,198097.76500000068,326797.5289999994,39290.103999999956
