children,teen,young_adult,adult,senior
113850.83300000023,35099.623000000014,41487.483999999975,67591.6740000001,2782.0569999999993
