children,teen,young_adult,adult,senior
35215.47500000022,24375.814000000013,16437.829999999987,31036.860000000026,241.388
