children,teen,young_adult,adult,senior
316405.72999999835,163048.11000000045,188530.70000000048,316393.3499999985,44140.010000000024
