children,teen,young_adult,adult,senior
406089.7639999959,181629.0100000002,202691.32900000046,287980.21000000025,26986.394999999982
