children,teen,young_adult,adult,senior
541793.3400000008,207481.77999999985,262957.9199999996,409702.67999999947,44256.159999999996
