children,teen,young_adult,adult,senior
145313.72999999998,62225.90999999986,70234.05999999976,81058.40000000011,9489.400000000003
