children,teen,young_adult,adult,senior
23914.283999999785,19848.55999999989,20941.084999999955,29225.543999999805,366.612
