children,teen,young_adult,adult,senior
360740.9425000003,157182.44869999946,210885.1672999994,307126.6053000005,54709.36399999997
