children,teen,young_adult,adult,senior
297869.2479999979,140310.65499999962,152197.9229999997,196374.64499999824,24374.86
