children,teen,young_adult,adult,senior
192415.0199999995,60915.56600000002,85881.6510000001,105528.99800000005,7750.609000000001
