children,teen,young_adult,adult,senior
444068.4339000025,141713.42839999916,181211.5915999988,248527.52579999893,9045.4789
