children,teen,young_adult,adult,senior
265071.8960000014,143088.9600000002,130070.99499999998,231098.98299999937,22760.449000000004
