children,teen,young_adult,adult,senior
385717.3710000031,169267.65800000002,176040.54500000045,242054.45700000055,30427.68799999998
