children,teen,young_adult,adult,senior
110232.91599999982,55960.46500000027,60956.80800000024,83877.79100000029,6327.785
