children,teen,young_adult,adult,senior
75782.86000000029,26244.159999999993,26648.729999999974,45868.099999999904,3917.9099999999976
