children,teen,young_adult,adult,senior
279639.0939999981,95893.3689999998,102036.15399999978,150083.94300000046,8368.336
