children,teen,young_adult,adult,senior
394930.4909999998,172900.0649999999,174312.61100000015,237864.0149999995,15529.92700000002
