children,teen,young_adult,adult,senior
100498.92299999975,28424.128000000073,34176.81500000007,57946.48899999959,2807.8970000000004
