children,teen,young_adult,adult,senior
828340.3239999926,364388.9379999999,394022.28400000127,594089.8389999967,64670.02099999995
