children,teen,young_adult,adult,senior
311748.41000000463,115095.58000000042,103980.92000000006,174358.4700000015,19765.37999999999
