children,teen,young_adult,adult,senior
945326.1000000047,465923.1800000014,514086.80000000267,684768.0900000058,91636.58999999987
