children,teen,young_adult,adult,senior
178326.96499999907,45084.96299999987,54744.919999999795,98014.32199999958,1021.244
