children,teen,young_adult,adult,senior
670739.8360000006,347026.6820000027,353015.8350000034,507341.43200000137,57508.410000000025
