children,teen,young_adult,adult,senior
476056.44000000076,214882.99800000046,193222.233000001,339060.4799999993,19360.657
