children,teen,young_adult,adult,senior
373646.5249999974,171740.55200000017,174942.88700000005,264654.9560000008,17480.013999999996
