children,teen,young_adult,adult,senior
162467.68500000148,80992.06799999993,84831.63799999989,106100.19199999957,7743.568999999996
