children,teen,young_adult,adult,senior
195696.22400000136,86696.02899999992,84048.27899999976,135562.93799999915,4244.2789999999995
