children,teen,young_adult,adult,senior
125952.17699999944,62323.612999999954,70041.1209999999,97580.95700000011,6487.635999999997
