children,teen,young_adult,adult,senior
403594.7099999981,225058.14699999982,200674.37499999968,331293.2269999991,40098.69800000002
