children,teen,young_adult,adult,senior
191716.01000000094,75735.18399999998,104238.32800000013,116734.3110000001,10510.738999999996
