children,teen,young_adult,adult,senior
14644.748499999796,6883.170400000017,7169.621600000035,9274.597599999946,230.38800000000006
