children,teen,young_adult,adult,senior
426713.6950000004,207187.19599999904,215882.50799999878,330057.7459999988,45710.13800000003
