children,teen,young_adult,adult,senior
272435.0459999977,126810.63199999894,163985.75600000005,201032.95599999948,4689.924999999998
