children,teen,young_adult,adult,senior
159787.43999999785,36073.03000000016,40191.45000000015,79370.23999999951,3110.9399999999996
