children,teen,young_adult,adult,senior
479627.5630000018,199755.00500000035,170485.1429999996,292186.8840000032,54553.30999999999
