children,teen,young_adult,adult,senior
535657.2950000004,286972.2580000016,288981.8710000013,422161.06600000197,58892.74499999999
