children,teen,young_adult,adult,senior
430220.0623999988,151736.48819999988,143107.72019999987,333443.01299999864,25311.7187
