children,teen,young_adult,adult,senior
803634.910000001,303491.7820000021,356202.43200000154,541724.2079999984,67733.64200000008
