children,teen,young_adult,adult,senior
220652.09099999533,77346.68800000005,80131.89399999972,112651.7449999997,15626.28400000001
