children,teen,young_adult,adult,senior
267115.6216000004,160837.79300000015,192307.05429999993,324233.1318000003,60468.24040000003
