children,teen,young_adult,adult,senior
220353.85999999923,97275.37000000016,112636.93000000023,208813.6899999989,9146.429999999998
