children,teen,young_adult,adult,senior
1314227.2729999763,483905.3780000004,542613.135000001,760234.7890000024,82120.93599999986
