children,teen,young_adult,adult,senior
337006.55700000067,107532.12099999981,107342.90499999978,133600.0430000002,9354.266
