children,teen,young_adult,adult,senior
209695.72999999794,76096.86999999995,80882.85999999987,121231.3500000006,12668.949999999997
