children,teen,young_adult,adult,senior
471503.4090000028,244132.4529999991,253857.93599999958,300499.2450000003,41209.935
