children,teen,young_adult,adult,senior
1016723.4409999917,664065.4829999958,686144.7419999962,1067031.4959999872,102551.02299999999
