children,teen,young_adult,adult,senior
198585.13900000128,69086.03600000005,70795.77500000008,104451.99499999995,9909.643
