children,teen,young_adult,adult,senior
605401.1470000015,178978.87899999996,219432.041,323968.9669999993,23197.706
