children,teen,young_adult,adult,senior
597313.8899999971,270857.33999999904,372919.9600000001,512384.10999999975,48836.81000000001
