children,teen,young_adult,adult,senior
189241.74419999967,80475.16160000012,95227.89449999947,148278.33649999875,16558.586500000012
