children,teen,young_adult,adult,senior
626028.178700004,324450.11290000094,374097.07810000336,535139.9502000009,71484.39389999998
