children,teen,young_adult,adult,senior
70893.07899999998,31724.875000000215,36934.06899999996,45572.71499999981,2020.0260000000003
