children,teen,young_adult,adult,senior
55263.330000000446,23904.119999999923,21343.60999999994,35798.06999999999,515.9899999999999
