children,teen,young_adult,adult,senior
16967.146299999928,7961.3402,22394.444799999925,25511.102699999985,3316.034700000001
