children,teen,young_adult,adult,senior
641749.9730000042,230182.6179999991,234552.78899999984,357573.38000000064,21330.133000000013
