children,teen,young_adult,adult,senior
395044.6200000026,151549.18999999936,128718.77999999981,170722.63999999865,15214.770000000008
