children,teen,young_adult,adult,senior
617050.0049999995,290763.80300000106,259656.47400000028,357135.9089999999,29915.496000000006
