children,teen,young_adult,adult,senior
653137.8170000009,362600.87000000075,384419.9520000001,570943.2450000009,83585.458
