children,teen,young_adult,adult,senior
220621.51799999888,128430.33099999999,123375.49400000011,208693.35699999926,25856.304999999997
