children,teen,young_adult,adult,senior
175407.70399999974,53758.75300000006,62589.03400000015,107958.3149999995,7720.416999999999
