children,teen,young_adult,adult,senior
62604.08199999999,20382.049999999974,23724.628999999884,37611.670999999886,2569.6129999999994
