children,teen,young_adult,adult,senior
30373.145999999986,19940.756999999918,20170.39999999988,25485.640999999945,4480.268000000001
