children,teen,young_adult,adult,senior
685581.6179999982,372573.94800000143,356426.2470000019,568040.4829999987,89587.69699999987
