children,teen,young_adult,adult,senior
18792.494,8468.659000000025,12072.860000000006,11834.193999999996,1241.2999999999995
