children,teen,young_adult,adult,senior
189644.34200000012,113196.8170000003,167827.75199999977,230986.45500000002,26835.721000000023
