children,teen,young_adult,adult,senior
740185.1364000029,410165.4030000012,473586.45160000015,732658.4537000017,91847.30139999998
