children,teen,young_adult,adult,senior
64316.31800000006,21658.824000000004,21081.578000000063,35252.32500000008,454.26800000000003
