children,teen,young_adult,adult,senior
1018700.5589999936,472959.0919999998,539674.4709999986,733196.7639999952,69115.899
