children,teen,young_adult,adult,senior
390702.8299999968,169056.81000000064,174343.03000000076,284011.13000000006,37972.60999999998
