children,teen,young_adult,adult,senior
39187.867000000006,11629.852999999957,17197.206999999944,29135.21500000005,3228.073999999999
