children,teen,young_adult,adult,senior
1993070.382000005,1121360.1640000064,1460121.2449999945,1848025.9330000042,177665.86399999986
