children,teen,young_adult,adult,senior
809617.8780000022,351512.5659999996,364683.2569999998,583029.1440000013,92595.65100000014
