children,teen,young_adult,adult,senior
312594.1539999994,123232.2196000001,119088.72390000039,149645.50699999963,16384.440299999995
