children,teen,young_adult,adult,senior
543853.8999999977,276490.7200000001,292088.48000000074,424463.7800000023,59900.600000000006
