children,teen,young_adult,adult,senior
229967.5100000012,106920.0699999998,101077.36999999978,138466.36000000028,20329.71000000001
