children,teen,young_adult,adult,senior
474615.1379999857,194286.65899999946,206172.93000000005,276276.9149999993,23993.966000000008
