children,teen,young_adult,adult,senior
1234052.6499999866,610484.3600000008,713960.9800000029,1115148.039999997,91296.07000000007
