children,teen,young_adult,adult,senior
170459.912,75065.18199999997,62517.57699999996,90111.49599999971,12839.513999999996
