children,teen,young_adult,adult,senior
487662.3942999979,229589.27360000042,247716.29680000048,365084.35640000034,43808.820599999955
