children,teen,young_adult,adult,senior
840188.941999997,364047.20599999937,417082.11,595501.656000001,95094.21999999991
