children,teen,young_adult,adult,senior
44551.7730000001,19312.088999999967,15788.012999999983,36058.2340000001,1289.009
