children,teen,young_adult,adult,senior
739536.5220000037,341058.2349999989,400276.7479999995,544630.1150000026,64768.30499999997
