children,teen,young_adult,adult,senior
70675.48020000072,18444.40270000004,12114.785600000005,36011.633599999754,113.90520000000001
