children,teen,young_adult,adult,senior
285092.30079999834,138041.09199999998,141439.1364,244794.1939,36063.37299999999
