children,teen,young_adult,adult,senior
379116.2979999962,175856.8739999993,159001.15999999954,264556.74099999905,29496.553999999986
