children,teen,young_adult,adult,senior
318736.7105999985,170327.9072000003,189983.51320000077,254037.9469,37775.408399999986
