children,teen,young_adult,adult,senior
545419.9460000001,196006.5620000001,193714.68400000015,306079.976000001,15949.193
