children,teen,young_adult,adult,senior
45449.16899999981,15412.980000000021,13023.279000000033,26390.185999999947,448.53599999999994
