children,teen,young_adult,adult,senior
554519.4500000067,255274.1800000002,249328.37000000037,366885.47000000253,35152.729999999996
