children,teen,young_adult,adult,senior
276096.67500000127,120418.96399999937,117084.32899999915,196106.4310000018,19174.681999999968
