children,teen,young_adult,adult,senior
357767.95499999967,132210.452,161861.54300000062,234728.7170000008,16080.381999999998
