children,teen,young_adult,adult,senior
978954.5904000083,330121.8285000014,427679.2512000028,597716.1881000057,55755.70799999995
