children,teen,young_adult,adult,senior
834037.4899999985,398076.56999999966,512904.4500000004,835635.2200000022,87667.56000000001
