children,teen,young_adult,adult,senior
199054.08420000094,77517.88179999977,77008.08729999975,134188.8496,11865.9673
