children,teen,young_adult,adult,senior
209380.86799999856,104569.78200000037,107451.15000000033,146239.00300000046,19668.77900000001
