children,teen,young_adult,adult,senior
407629.3940000003,181442.3860000003,204442.68400000042,347992.7249999998,53136.993000000075
