children,teen,young_adult,adult,senior
230229.9000000002,104499.55999999976,114330.40999999961,145911.35999999946,22265.86000000002
