children,teen,young_adult,adult,senior
153086.310000001,33234.12000000004,17341.019999999993,81696.56999999966,3355.9100000000003
