children,teen,young_adult,adult,senior
652256.0439999988,290084.2010000018,336443.1050000001,524710.8350000039,73359.52899999998
