children,teen,young_adult,adult,senior
409272.5330000032,142219.96199999985,175674.25500000018,250545.3899999995,16483.709000000003
