children,teen,young_adult,adult,senior
772088.4019999943,392182.2409999988,458430.00999999774,698693.529999995,100408.05399999993
