children,teen,young_adult,adult,senior
1012676.1725000028,405038.5099999993,510274.64659999823,699759.8618999936,86604.68719999997
