children,teen,young_adult,adult,senior
767271.3990000064,398911.29400000116,477556.0570000015,756506.1120000073,102091.49799999998
