children,teen,young_adult,adult,senior
712151.7830000062,264695.3900000012,329177.7160000028,445009.9260000024,24673.821999999996
