children,teen,young_adult,adult,senior
218444.49180000025,111176.26019999996,130749.95010000018,226026.45070000028,30050.458199999986
