children,teen,young_adult,adult,senior
39037.61500000013,11961.924999999994,11743.798999999972,23595.83199999989,590.5749999999999
