children,teen,young_adult,adult,senior
464766.104999993,195060.65499999942,228934.00399999844,338893.9929999971,18282.599000000017
