children,teen,young_adult,adult,senior
117794.20999999871,27638.97,23854.030000000053,58163.260000000286,183.07
