children,teen,young_adult,adult,senior
416294.91579999734,163510.03419999994,152439.1775000001,254726.51299999797,23329.43090000001
