children,teen,young_adult,adult,senior
315528.8958999982,115137.98389999983,146919.56619999986,168461.66150000016,14717.216100000007
