children,teen,young_adult,adult,senior
698820.6334999976,352726.2356000019,399556.165300002,578120.0892999985,53207.36149999995
