children,teen,young_adult,adult,senior
152215.19109999939,76378.77739999988,76159.91909999975,106210.62850000021,12972.325200000007
