children,teen,young_adult,adult,senior
92914.64499999992,28125.76299999988,36481.72199999993,71936.97899999992,673.8679999999999
