children,teen,young_adult,adult,senior
450792.6000000001,172746.81000000128,212739.09000000122,295898.9400000009,29014.39999999995
