children,teen,young_adult,adult,senior
420139.47399999993,195631.92600000004,176706.8190000001,292357.0750000008,21907.613000000012
