children,teen,young_adult,adult,senior
724025.6437999996,348949.0884000017,406541.42540000286,592589.5267000053,74704.53959999997
