children,teen,young_adult,adult,senior
49543.230999999614,19004.88100000005,17065.754000000023,29377.17200000013,726.1890000000003
