children,teen,young_adult,adult,senior
68404.27699999958,32194.147000000154,38822.82700000016,48705.04500000023,2999.1849999999995
