children,teen,young_adult,adult,senior
746149.6190000002,344977.27100000007,360543.3289999992,514291.1729999981,63946.05799999993
