children,teen,young_adult,adult,senior
732696.0100000044,444947.94999999955,396226.3099999976,707435.8300000059,121127.83999999991
