children,teen,young_adult,adult,senior
101001.21099999905,39993.120999999934,43330.457999999875,59883.39399999993,5536.137000000001
