children,teen,young_adult,adult,senior
31751.880000000117,8718.529999999997,8667.280000000015,22117.060000000118,2692.7500000000005
