children,teen,young_adult,adult,senior
794645.1185000053,333218.76330000017,402982.8209000001,620339.8188999962,88722.96669999998
