children,teen,young_adult,adult,senior
197865.93000000124,89585.10999999968,92628.75999999972,135509.60999999964,10263.509999999998
