children,teen,young_adult,adult,senior
330798.7662000001,97325.18619999981,87617.01680000007,170002.77280000065,3315.4043
