children,teen,young_adult,adult,senior
448911.84599999513,173605.50800000012,180152.08099999998,249539.50399999914,4625.100000000001
