children,teen,young_adult,adult,senior
99940.77699999994,33799.94900000004,47237.02499999999,59713.52499999971,2998.924
