children,teen,young_adult,adult,senior
348573.58619999513,185936.04920000007,133805.91619999972,191982.36989999993,20670.05299999998
