children,teen,young_adult,adult,senior
1316919.0014000125,509011.0632000009,625364.1084000014,814301.0222000023,89675.55040000005
