children,teen,young_adult,adult,senior
513774.8669999937,202229.96999999977,215465.21199999924,342453.73900000006,14336.873000000001
