children,teen,young_adult,adult,senior
277345.5299999987,163452.132,201007.27099999995,291195.7379999987,51004.30299999991
