children,teen,young_adult,adult,senior
1516547.8400000168,617731.2000000027,643404.3800000034,991433.7400000043,118538.38999999996
