children,teen,young_adult,adult,senior
616775.8929999989,295519.96899999987,348140.73199999874,493404.25899999845,69551.70199999996
