children,teen,young_adult,adult,senior
539687.2709999994,281319.7779999992,281742.0920000006,469478.9190000015,74665.87099999994
