children,teen,young_adult,adult,senior
711964.6600000038,214722.3700000002,227523.44999999998,508853.25000000023,27397.449999999986
