children,teen,young_adult,adult,senior
2766749.2109999713,1633280.9599999718,2063919.3699999622,2807364.2789999824,171733.82200000028
