children,teen,young_adult,adult,senior
737273.6350000005,403984.80499999906,379357.95499999885,603255.4439999951,78822.4649999999
