children,teen,young_adult,adult,senior
74286.91630000035,41768.458400000076,31646.932299999953,58057.79800000037,4709.954099999999
