children,teen,young_adult,adult,senior
1330159.2330000165,514951.0439999994,588586.0269999974,787487.607,85202.68400000007
