children,teen,young_adult,adult,senior
544848.5639999987,211912.8749999994,231273.77199999994,300490.7860000002,11970.481
