children,teen,young_adult,adult,senior
27316.842599999953,13946.902499999953,16760.91609999998,24211.05419999991,1105.2576
