children,teen,young_adult,adult,senior
380565.8571000014,170688.42950000035,195684.8336000004,256603.9903999988,24767.55720000001
