children,teen,young_adult,adult,senior
614371.7130000056,305246.2569999995,337985.64099999866,499347.1630000001,57525.14599999997
