children,teen,young_adult,adult,senior
63635.04799999973,26976.822900000003,21023.473499999993,41337.17409999999,4436.697300000002
