children,teen,young_adult,adult,senior
298413.060099999,147707.44019999995,153864.43159999995,231864.4879999994,27548.802999999978
