children,teen,young_adult,adult,senior
2060884.9000000113,826051.5400000011,975107.0200000006,1359476.1200000132,131489.22
