children,teen,young_adult,adult,senior
452576.91300000274,158632.95100000047,183559.17000000007,307184.17900000204,28098.29299999997
