children,teen,young_adult,adult,senior
637384.7639999993,222515.49100000007,214811.58100000053,387321.823,21734.263000000003
