children,teen,young_adult,adult,senior
539315.4486999994,197356.5154999995,245694.3063000002,389141.6317000001,43282.95990000006
