children,teen,young_adult,adult,senior
237628.71999999817,108799.36000000012,136655.2099999999,224606.56999999826,28212.940000000024
