children,teen,young_adult,adult,senior
102561.47579999978,53491.56829999996,57732.18549999999,87081.56169999987,5077.994599999999
