children,teen,young_adult,adult,senior
353776.1400000002,172950.5800000003,191989.25000000093,306232.38000000117,43633.010000000046
