children,teen,young_adult,adult,senior
296702.6399999989,138021.47000000015,126657.54000000026,224200.3100000007,29267.549999999992
