children,teen,young_adult,adult,senior
404374.8540000058,132601.27400000044,160867.80100000044,227080.27999999933,9902.34
