children,teen,young_adult,adult,senior
1673693.7769999814,864896.8945000023,970806.5122000033,1638598.8634999779,194996.67089999936
