children,teen,young_adult,adult,senior
172051.11069999982,92443.45329999964,49293.27809999996,138012.84479999862,9238.159900000006
