children,teen,young_adult,adult,senior
38207.38900000004,17366.345000000023,15321.33699999998,20968.901999999984,486.49500000000006
