children,teen,young_adult,adult,senior
418858.1459999989,156989.67100000003,190474.3449999999,260417.34900000007,18389.638
