children,teen,young_adult,adult,senior
146435.51999999993,57483.88000000008,64073.92000000019,81310.60000000052,8850.620000000003
