children,teen,young_adult,adult,senior
1882655.4170000043,991346.7059999984,1368445.2309999913,1857421.1970000023,179967.19699999984
