children,teen,young_adult,adult,senior
43766.27199999993,18432.58199999999,20379.77999999998,40865.28599999967,4698.189000000003
