children,teen,young_adult,adult,senior
92185.72599999925,42638.1310000001,41533.96600000018,53503.70500000041,4761.0459999999985
