children,teen,young_adult,adult,senior
871183.7000000076,400594.26,475695.18000000075,694643.7100000015,76682.21000000006
