children,teen,young_adult,adult,senior
214243.80600000065,91550.94600000008,87637.10400000002,141779.75599999964,6309.971999999998
