children,teen,young_adult,adult,senior
300107.82520000194,159247.1116999997,170286.87820000004,245261.8553000019,32991.56020000001
