children,teen,young_adult,adult,senior
1759048.557899995,902817.8887999995,1278529.851499996,1804095.085299989,197977.6255999998
