children,teen,young_adult,adult,senior
1132014.94000001,453764.8470000008,469115.1620000012,642910.8219999998,64796.546999999955
