children,teen,young_adult,adult,senior
736618.5311000018,292278.14509999973,327288.3708000006,575325.976900001,83036.79930000001
