children,teen,young_adult,adult,senior
155563.9568999991,56681.03650000006,56040.37590000002,86662.9597000001,10971.384999999993
