children,teen,young_adult,adult,senior
353342.5037999991,140672.26300000004,148743.02920000002,256431.99569999962,32203.400899999975
