children,teen,young_adult,adult,senior
522817.35999999964,229322.88999999885,257142.85999999917,401677.5200000011,35580.18999999999
