children,teen,young_adult,adult,senior
109305.02000000046,51943.24000000005,42577.67,74333.9300000009,7393.270000000001
