children,teen,young_adult,adult,senior
107575.39900000027,29936.417999999907,31161.05599999991,55864.03999999967,1809.9159999999997
