children,teen,young_adult,adult,senior
78262.82299999971,42538.022000000106,67539.06099999996,102226.88499999957,5696.709000000001
