children,teen,young_adult,adult,senior
343948.01999999874,176002.0599999998,266644.83999999956,370156.94999999856,36393.11000000001
