children,teen,young_adult,adult,senior
32044.9739999998,11138.49799999998,15283.849000000007,18000.393999999986,490.298
