children,teen,young_adult,adult,senior
823926.2180000009,375076.6349999991,445268.3369999993,703232.329999999,68514.53099999994
