children,teen,young_adult,adult,senior
36989.09780000044,10145.69709999999,15308.496899999987,18908.19129999997,1805.3536
