children,teen,young_adult,adult,senior
463355.09969999694,240405.56989999957,337939.86299999757,436122.82969999884,46567.325099999995
