children,teen,young_adult,adult,senior
410863.9210000002,160116.31399999923,156652.19999999923,257756.53700000021,20838.32099999998
