children,teen,young_adult,adult,senior
51310.3040000006,15147.773999999965,17066.09799999992,31926.071000000084,1617.2300000000012
