children,teen,young_adult,adult,senior
264033.35019999894,145356.13359999986,169688.63930000016,239808.06179999842,20537.3904
