children,teen,young_adult,adult,senior
291866.3930000015,132422.35900000026,148738.03999999986,226808.7319999992,30280.052000000003
