children,teen,young_adult,adult,senior
188527.0940000004,95658.27300000016,90166.56100000023,125209.94399999978,13272.235999999995
