children,teen,young_adult,adult,senior
898272.9500000114,382860.72000000015,506766.2300000007,698583.4800000048,85380.31999999998
