children,teen,young_adult,adult,senior
48208.31079999992,17570.121699999967,19854.579299999998,28604.781199999998,1115.8758999999998
