children,teen,young_adult,adult,senior
314594.68999999913,158371.91000000064,176882.60000000082,295665.7599999997,53026.78999999997
