children,teen,young_adult,adult,senior
31027.049999999927,11142.140999999985,7590.869000000007,22554.332000000035,428.26800000000003
