children,teen,young_adult,adult,senior
470759.65999999066,213542.97000000058,263965.7200000009,374829.90999999706,46882.200000000004
