children,teen,young_adult,adult,senior
90459.88800000018,46563.23599999986,59254.98699999997,70936.54000000007,1481.0680000000002
