children,teen,young_adult,adult,senior
405537.8395999956,169151.3110999994,173681.92780000006,284142.9868000003,22904.602599999995
