children,teen,young_adult,adult,senior
141337.10000000184,43567.66099999991,48494.135999999926,75675.1739999999,4007.450999999999
