children,teen,young_adult,adult,senior
417600.6530999955,202048.29159999886,221913.27169999853,297265.97959999676,30133.95030000001
