children,teen,young_adult,adult,senior
1112622.4699999944,521811.1999999989,653566.3099999975,932719.2299999949,134296.6000000002
