children,teen,young_adult,adult,senior
39646.80200000012,15839.365999999905,16812.44599999986,24318.104999999894,918.457
