children,teen,young_adult,adult,senior
646091.3879999992,298504.0950000002,345962.2480000004,550613.7679999992,72327.10600000004
