children,teen,young_adult,adult,senior
643891.8570000129,241606.42099999957,240423.93899999995,465942.75200000574,16296.39700000001
