children,teen,young_adult,adult,senior
568315.5360000083,153986.1730000002,197274.71399999966,296804.6599999988,11974.895999999993
