children,teen,young_adult,adult,senior
343018.1550000011,150071.73100000017,177734.06599999958,252487.78300000032,20046.149
