children,teen,young_adult,adult,senior
219249.95500000007,132642.2010000001,120629.34300000017,195237.67500000045,28717.536999999982
