children,teen,young_adult,adult,senior
353213.2939999959,152099.06200000088,126516.64400000026,155907.4180000005,9325.579999999998
