children,teen,young_adult,adult,senior
1228636.0600000038,493053.8799999991,619284.2799999992,891241.7400000007,95770.63
