children,teen,young_adult,adult,senior
1798182.6180000186,971119.8969999902,1063933.278999987,1671867.8880000184,207022.03399999996
