children,teen,young_adult,adult,senior
360194.3949999989,146555.77300000016,148043.39400000026,237670.38599999988,11823.967999999992
