children,teen,young_adult,adult,senior
146698.47499999948,59299.018000000215,69456.58800000005,113486.66599999976,8854.914999999995
