children,teen,young_adult,adult,senior
112423.77199999959,33767.25799999988,41155.70599999991,59528.107000000346,2651.478000000001
