children,teen,young_adult,adult,senior
139186.80899999934,75441.20200000012,78777.51100000009,97177.67500000005,9297.111999999996
