children,teen,young_adult,adult,senior
293512.64599999867,168050.4609999993,170916.66199999928,308409.2639999989,60548.85699999996
