children,teen,young_adult,adult,senior
222638.8119999985,74028.5539999998,96410.64900000012,125813.25200000012,7726.501000000001
