children,teen,young_adult,adult,senior
334627.2990000022,175470.06700000048,162236.34500000003,275455.0260000001,38356.714999999975
