children,teen,young_adult,adult,senior
765460.4650000017,316711.10100000026,361589.7509999996,553777.3530000022,69084.40999999997
