children,teen,young_adult,adult,senior
446571.411,160421.52900000018,182288.38700000066,237525.44000000056,13904.148000000007
