children,teen,young_adult,adult,senior
527545.3390000102,210562.75899999894,206554.29399999868,337878.0890000042,24654.41199999999
