children,teen,young_adult,adult,senior
81781.0900000005,32285.029999999915,31673.929999999902,47658.480000000236,3418.8799999999997
