children,teen,young_adult,adult,senior
46664.33000000068,7301.649999999989,10869.900000000009,23537.649999999972,91.5
