children,teen,young_adult,adult,senior
41771.55500000027,15042.92999999998,13945.998000000012,24593.87100000003,986.1270000000001
