children,teen,young_adult,adult,senior
277406.44499999913,165165.86200000026,154160.1050000002,192761.46199999977,13830.212000000009
