children,teen,young_adult,adult,senior
375054.6500000005,191624.26999999955,193473.70999999976,326321.64999999997,27783.26000000001
