children,teen,young_adult,adult,senior
497081.15899999655,282847.3879999991,316867.6139999999,475488.96699999576,65721.19499999993
