children,teen,young_adult,adult,senior
230132.9779999998,82263.74100000008,84684.90699999995,112530.26099999897,12805.483999999993
