children,teen,young_adult,adult,senior
339503.8200000003,159790.16000000047,168768.4300000008,269224.14000000106,36925.279999999984
