children,teen,young_adult,adult,senior
206049.5239999996,75036.19699999999,85583.35100000011,145963.74099999957,6820.740999999999
