children,teen,young_adult,adult,senior
364568.7189999956,160544.56099999987,185043.0399999996,262308.6509999996,20899.49400000002
