children,teen,young_adult,adult,senior
508917.7329999907,223696.03299999898,245411.51899999907,288056.3589999977,27827.045000000016
