children,teen,young_adult,adult,senior
707048.6089999976,359914.89500000107,380720.17700000014,595566.2340000033,70311.50100000005
