children,teen,young_adult,adult,senior
409902.3109999991,200846.19599999892,228879.60599999907,328622.57899999805,14385.429000000013
