children,teen,young_adult,adult,senior
108659.64000000032,47927.08999999994,59769.88999999994,81365.67000000036,7160.930000000002
