children,teen,young_adult,adult,senior
717656.569,357391.92900000134,343047.79000000074,522043.65799999825,39907.040000000015
