children,teen,young_adult,adult,senior
57902.783999999585,25756.08430000009,23367.26420000012,52342.04299999967,1063.3319000000001
