children,teen,young_adult,adult,senior
541114.8320999965,198956.5111000003,210553.21649999957,304853.4773000026,63147.20390000006
