children,teen,young_adult,adult,senior
203278.54740000123,113100.07889999947,157493.5824000004,257239.2332000011,24449.3835
