children,teen,young_adult,adult,senior
322716.39300000365,158653.39499999981,143127.33600000016,222422.09600000115,19357.651
