children,teen,young_adult,adult,senior
41345.5711999998,18372.99089999998,14692.626099999967,30905.554400000052,1216.9971999999998
