children,teen,young_adult,adult,senior
139344.948999999,74661.5279999998,100852.41799999915,89522.9569999996,8433.032
