children,teen,young_adult,adult,senior
416424.2925000022,152280.72380000027,156487.2777000002,262473.61819999875,24726.362700000016
