children,teen,young_adult,adult,senior
756069.3999999985,417130.7299999993,472579.33999999927,699844.0999999979,55124.550000000025
