children,teen,young_adult,adult,senior
802274.3500000148,310755.400000002,389755.23000000103,635877.7899999989,93207.60999999993
