children,teen,young_adult,adult,senior
519341.7900000012,202269.77999999942,223562.03999999992,385143.60999999894,34441.439999999995
