children,teen,young_adult,adult,senior
785454.6120000044,280420.01600000105,254152.1400000003,472831.81300000154,62753.012999999984
