children,teen,young_adult,adult,senior
48882.27900000011,12653.337000000001,11912.509999999998,31772.017000000156,1183.9310000000007
