children,teen,young_adult,adult,senior
124645.40999999852,52682.963999999956,39849.58600000024,70054.00900000002,5853.060000000001
