children,teen,young_adult,adult,senior
104497.5099999999,28977.240000000027,49155.66999999997,69355.06999999992,3203.7699999999986
