children,teen,young_adult,adult,senior
46778.28600000007,14992.02600000002,14668.342000000019,25496.136000000075,1089.7239999999997
