children,teen,young_adult,adult,senior
952981.183999996,570998.0979999996,717453.998999998,1044569.981999996,116919.498
