children,teen,young_adult,adult,senior
42086.15900000005,13014.983000000018,17569.692000000057,23407.553999999946,935.0740000000001
