children,teen,young_adult,adult,senior
254556.6499999982,99113.76999999999,122914.37000000004,213915.2799999987,18667.900000000005
