children,teen,young_adult,adult,senior
274921.9690000005,152619.27500000023,155123.7610000005,240864.161000001,26168.161999999982
