children,teen,young_adult,adult,senior
99147.81270000023,65289.42980000009,59378.92550000009,95545.46070000029,9812.081900000001
