children,teen,young_adult,adult,senior
1090650.5500000122,371049.47000000306,407118.9200000007,613263.5200000046,84182.36999999992
