children,teen,young_adult,adult,senior
335013.3900000013,186612.3810000005,227671.57900000038,364828.775,35536.29599999999
