children,teen,young_adult,adult,senior
1206906.420000004,696234.5999999999,908542.0399999991,1367495.9900000046,189935.98000000007
