children,teen,young_adult,adult,senior
246777.82200000164,167989.0559999998,163636.08899999954,282726.1930000016,31847.311000000012
