children,teen,young_adult,adult,senior
913762.5799999961,354958.60000000126,347209.9000000007,611333.2000000022,52355.780000000064
