children,teen,young_adult,adult,senior
44430.45339999991,14223.512000000013,21580.415699999914,25681.427899999937,479.54839999999996
