children,teen,young_adult,adult,senior
49644.79699999997,12055.515999999965,13993.477000000037,27858.50900000004,1878.7299999999998
