children,teen,young_adult,adult,senior
100427.25929999883,51002.29829999959,43047.25529999972,59436.79259999939,6503.154899999992
