children,teen,young_adult,adult,senior
516183.73919999885,246957.89329999973,252900.02039999995,309388.7150000002,43398.570099999975
