children,teen,young_adult,adult,senior
204911.23300000012,92210.02200000017,83042.99600000019,113763.42700000008,17070.881000000016
