children,teen,young_adult,adult,senior
107640.12799999957,36623.32900000002,44649.30100000007,64037.9409999999,2058.56
