children,teen,young_adult,adult,senior
200165.60600000143,88162.0009999997,90057.46899999936,104983.8679999991,10231.731
