children,teen,young_adult,adult,senior
331555.3201000004,150199.85499999975,209647.21949999916,313578.8874,13713.946499999995
