children,teen,young_adult,adult,senior
364223.84799999575,190567.32700000063,173061.23600000035,263034.07700000075,23337.731999999978
