children,teen,young_adult,adult,senior
993837.9839999962,463099.2859999991,563613.1549999991,808885.6319999993,75098.04099999992
