children,teen,young_adult,adult,senior
159988.15660000066,71664.7096000004,81827.31850000017,94423.65720000003,5430.700799999999
