children,teen,young_adult,adult,senior
120380.95199999913,52787.73200000022,44039.11700000013,71348.92,1545.6589999999999
