children,teen,young_adult,adult,senior
1110055.599999995,437830.7790000009,510362.29300000117,736857.4089999922,68131.84
