children,teen,young_adult,adult,senior
375837.4520000025,155047.14399999985,160221.71299999946,183796.75899999874,13040.802
