children,teen,young_adult,adult,senior
281934.69799999916,141927.3640000004,158656.9000000007,218315.66900000116,21525.338000000003
