children,teen,young_adult,adult,senior
377976.32099999825,174761.9940000003,209097.45600000102,300891.9979999992,29417.011000000017
