children,teen,young_adult,adult,senior
467019.7995999976,273035.7011999995,174806.04849999957,376016.6112999986,36102.24709999998
