children,teen,young_adult,adult,senior
901373.2980000087,470949.3930000003,465515.4419999996,709542.5860000072,109506.73300000007
