children,teen,young_adult,adult,senior
235581.0310000003,98706.11799999983,93227.29899999985,143631.35999999932,11169.424000000005
