children,teen,young_adult,adult,senior
591916.4899999985,263796.2299999998,256331.18999999957,385943.3200000016,71614.54999999993
