children,teen,young_adult,adult,senior
81039.44900000011,37853.951999999976,72818.29899999977,64949.858000000066,527.322
