children,teen,young_adult,adult,senior
354684.9460000012,176688.3790000002,169369.27699999994,295670.81499999925,46032.23600000007
