children,teen,young_adult,adult,senior
709171.7390000059,264161.3359999991,273195.0979999994,437003.9160000063,30634.495000000003
