children,teen,young_adult,adult,senior
101933.65609999979,39204.08539999993,39381.051099999975,62098.15969999987,5552.3542
