children,teen,young_adult,adult,senior
358247.07200000144,206685.14599999995,249561.61200000008,390409.8570000015,45917.079999999994
