children,teen,young_adult,adult,senior
480477.4400000004,187848.3900000002,205883.83000000074,295418.8500000014,25045.54999999999
