children,teen,young_adult,adult,senior
619361.3699999995,239149.62999999893,276733.5499999995,389211.14000000025,17350.560000000005
