children,teen,young_adult,adult,senior
699874.2239999943,231223.8760000001,295768.95700000005,446735.3509999992,40910.10100000002
