children,teen,young_adult,adult,senior
487577.48999999865,204503.0499999996,187479.82000000012,357924.28999999975,23212.210000000003
