children,teen,young_adult,adult,senior
724310.7300000043,301122.3200000004,289611.8700000015,464761.37,41550.82
