children,teen,young_adult,adult,senior
940609.9600000033,368790.9699999996,447242.40999999945,707336.1100000008,76224.77000000005
