children,teen,young_adult,adult,senior
445464.9500000058,144909.19999999992,168553.99999999988,269701.780000001,22350.200000000023
