children,teen,young_adult,adult,senior
663530.6590000073,339526.0719999987,349757.2349999987,536688.8439999996,75269.34000000008
