children,teen,young_adult,adult,senior
217266.00399999865,126743.32799999975,145027.92499999926,223277.5619999987,29291.82500000003
