children,teen,young_adult,adult,senior
168225.4340000014,59916.89899999988,85965.42599999977,124609.5420000004,6375.4500000000035
