children,teen,young_adult,adult,senior
1133348.264000011,568756.0809999988,625775.1899999982,834336.9110000023,96168.96200000001
