children,teen,young_adult,adult,senior
40962.666000000114,9093.660999999991,12991.117999999991,33012.66100000006,275.876
