children,teen,young_adult,adult,senior
3379233.6800000058,1941353.969999998,2723133.819999996,4594615.470000003,321195.1700000003
