children,teen,young_adult,adult,senior
174037.6840000022,74013.9849999994,96421.20199999951,101194.01399999937,8465.168000000003
