children,teen,young_adult,adult,senior
194860.67999999807,71754.42999999989,64071.63999999981,103924.37999999944,14336.580000000005
