children,teen,young_adult,adult,senior
342879.1059999997,193677.2650000004,198680.36600000024,291427.01500000077,49767.818999999996
