children,teen,young_adult,adult,senior
22776.259999999937,10334.84999999998,8757.06999999999,22082.149999999998,1037.1900000000003
