children,teen,young_adult,adult,senior
464579.46999998746,144411.97000000035,171499.54000000027,245895.40999999965,26603.769999999993
