children,teen,young_adult,adult,senior
203694.28499999782,61465.7560000001,76452.98100000047,116470.82400000069,3561.4119999999994
