children,teen,young_adult,adult,senior
38435.95499999998,12116.790000000037,11554.405000000012,24232.964000000113,853.234
