children,teen,young_adult,adult,senior
799538.7859999964,359487.5670000017,383751.76300000155,629241.3679999985,83175.13099999996
