children,teen,young_adult,adult,senior
383902.89000000403,128713.54599999991,168836.576,223584.02200000052,6223.917999999999
