children,teen,young_adult,adult,senior
774374.0199999892,381727.4580000011,399771.30800000025,557532.9769999959,48564.41900000003
