children,teen,young_adult,adult,senior
251398.33559999996,132725.3426999993,150176.68379999883,193023.00979999945,10172.1975
