children,teen,young_adult,adult,senior
43265.669999999925,13175.517999999995,18716.577000000027,38144.64099999998,2808.4429999999993
