children,teen,young_adult,adult,senior
117527.38319999918,23535.69839999995,36217.81999999991,61894.81010000022,1622.0693999999996
