children,teen,young_adult,adult,senior
1963792.8959999958,1055834.4989999963,1379633.729999988,1934763.7679999857,147617.37699999998
