children,teen,young_adult,adult,senior
794878.2552000035,263889.9985000008,276053.12019999995,483523.56139999675,54663.88539999997
