children,teen,young_adult,adult,senior
246620.1700000017,104517.90999999964,134808.43000000005,190727.5800000021,14086.540000000012
