children,teen,young_adult,adult,senior
446322.3590000007,201652.82600000018,185601.24900000019,325080.11500000255,40938.559000000016
