children,teen,young_adult,adult,senior
430142.1856999973,177185.1425000003,193641.00600000084,313313.9443,32310.94869999998
