children,teen,young_adult,adult,senior
405804.9850000009,151987.19500000039,158748.7190000008,229570.07600000047,19915.445999999996
