children,teen,young_adult,adult,senior
898728.7889999977,503361.7720000008,682704.8419999998,968306.3769999938,135885.76099999997
