children,teen,young_adult,adult,senior
303784.7160000007,135585.13699999943,134894.2849999995,208874.44099999854,21272.769000000037
