children,teen,young_adult,adult,senior
299015.85,146253.96000000028,172373.4400000008,267305.6200000021,33718.569999999956
