children,teen,young_adult,adult,senior
71448.47199999992,27383.908999999927,21724.832000000002,48419.86599999977,2341.1339999999987
