children,teen,young_adult,adult,senior
134546.07099999883,54284.752000000175,48290.55500000008,88682.49799999976,8589.493000000002
