children,teen,young_adult,adult,senior
450560.6262000016,171669.4899999999,219404.83600000036,316153.00580000307,42890.57699999998
