children,teen,young_adult,adult,senior
271751.4399999991,155706.7399999999,173630.04999999952,307648.96000000014,57869.32
