children,teen,young_adult,adult,senior
126015.75000000013,77786.5499999998,76469.97999999991,122607.0800000004,11792.399999999989
