children,teen,young_adult,adult,senior
569873.7750000013,244369.8229999999,279349.5559999998,354453.2129999993,39623.600000000006
