children,teen,young_adult,adult,senior
414786.4221000032,148572.31230000008,184399.20610000123,264546.81110000133,13357.294699999997
