children,teen,young_adult,adult,senior
52856.552000000425,27578.682300000073,21896.683200000043,41992.46670000023,3090.8873000000003
