children,teen,young_adult,adult,senior
994458.9009999777,425249.89300000184,521369.43400000315,746131.8959999911,88536.22299999988
