children,teen,young_adult,adult,senior
304623.71599999967,109565.89779999973,128694.96229999981,201201.72300000064,17908.119699999996
