children,teen,young_adult,adult,senior
763180.7530000015,339258.6089999991,379980.29999999935,534259.2209999982,62880.23400000001
