children,teen,young_adult,adult,senior
339065.94680000056,156033.3521000002,156880.97779999976,262497.4109000012,37111.687199999986
