children,teen,young_adult,adult,senior
366382.573199996,169779.21260000038,174993.77029999965,265339.9098999996,29085.490499999993
