children,teen,young_adult,adult,senior
521060.77299999667,171261.17400000023,188598.32000000036,317265.657,27145.829999999998
