children,teen,young_adult,adult,senior
793290.5800000038,413093.47000000183,451845.86000000173,696035.6100000091,69875.7199999999
