children,teen,young_adult,adult,senior
443079.7190000006,194821.9769999993,226163.35300000067,269742.6159999997,17275.183999999994
