children,teen,young_adult,adult,senior
36846.467000000026,20582.52500000006,15498.96100000002,37591.09800000003,975.5970000000002
