children,teen,young_adult,adult,senior
41325.983999999946,17190.143,13179.83699999996,36156.53099999996,1052.6580000000004
