children,teen,young_adult,adult,senior
633526.154000004,366189.75000000105,394892.5570000026,589958.678000003,101395.51799999997
