children,teen,young_adult,adult,senior
708884.7699999962,266473.31000000035,286300.9700000019,396730.11000000144,27431.259999999984
