children,teen,young_adult,adult,senior
208828.07500000022,78710.98500000009,91568.71000000008,141031.05299999987,8484.343
