children,teen,young_adult,adult,senior
357257.6519999965,183629.2609999999,160616.575,253122.56099999917,29328.81599999999
