children,teen,young_adult,adult,senior
505307.5117999997,181850.98999999894,212472.12929999921,312586.368500001,24781.751899999996
