children,teen,young_adult,adult,senior
260899.1050000041,95645.12999999992,96347.75799999968,118024.94499999941,14267.597000000005
