children,teen,young_adult,adult,senior
344817.37300000567,187099.65899999853,171737.2849999988,240895.2309999994,12839.974999999999
