children,teen,young_adult,adult,senior
229677.9339999994,66869.373,81360.62099999978,127547.58799999914,5514.224
