children,teen,young_adult,adult,senior
359436.2699999926,129565.49000000047,174750.98999999918,164843.40999999965,19259.390000000014
