children,teen,young_adult,adult,senior
304540.8540000025,165922.8200000006,161205.10000000068,269074.34000000043,35978.59600000003
