children,teen,young_adult,adult,senior
55549.09000000012,19121.42,23092.76000000004,33879.879999999976,1556.5099999999995
