children,teen,young_adult,adult,senior
378877.46930000023,228240.88180000053,267836.50460000057,429479.44549999957,68350.47320000008
