children,teen,young_adult,adult,senior
403815.90800000314,179769.92699999915,170675.64599999902,252113.0090000005,20934.869
