children,teen,young_adult,adult,senior
569967.540000004,204851.34999999971,220546.3700000004,378270.32000000036,47148.87000000006
