children,teen,young_adult,adult,senior
438134.88699999865,198537.29400000113,160028.53800000108,296194.9360000009,18683.219999999998
