children,teen,young_adult,adult,senior
346908.0800000008,168036.2339999999,177224.17599999963,338698.8860000003,53502.58399999999
