children,teen,young_adult,adult,senior
51027.150000000154,20640.750000000076,21142.41000000007,30235.210000000086,1618.8999999999999
