children,teen,young_adult,adult,senior
1100294.1648999925,550494.5288000003,649272.6107000023,960651.2189999997,123582.65439999982
