children,teen,young_adult,adult,senior
157557.10899999904,58654.44000000003,50419.78200000005,81944.18499999995,8632.451
