children,teen,young_adult,adult,senior
278099.31900000165,132245.73899999965,146292.43399999978,222574.05599999937,24081.57500000001
