children,teen,young_adult,adult,senior
293565.33899999957,135481.96999999977,138304.63099999956,172843.29599999962,15570.706999999999
