children,teen,young_adult,adult,senior
1018658.7740000031,505947.9589999982,575616.4369999944,775828.1479999967,65945.74999999999
