children,teen,young_adult,adult,senior
389765.37599999947,202787.2019999995,219066.95399999965,288760.4280000004,24039.689000000013
