children,teen,young_adult,adult,senior
1035091.7128999949,486772.85559999855,572622.2330999977,830304.9036999939,76186.45729999992
