children,teen,young_adult,adult,senior
93294.09599999944,40163.71499999985,27942.99800000001,60835.19499999956,4504.598999999999
