children,teen,young_adult,adult,senior
48357.53810000034,23040.577099999948,42819.02520000019,57399.314000000435,6853.6738
