children,teen,young_adult,adult,senior
477580.87999999704,143975.19700000025,163924.70999999985,265704.9940000002,10822.222
