children,teen,young_adult,adult,senior
566257.9320000036,196696.25200000042,265825.00300000096,333716.4090000005,24237.05899999999
