children,teen,young_adult,adult,senior
2391692.5986000057,1443942.9291999904,2095680.4606999771,3252940.961199937,194328.9193000001
