children,teen,young_adult,adult,senior
501971.59500000236,202864.84499999954,260502.60699999996,374856.7340000018,44875.088
