children,teen,young_adult,adult,senior
337560.8922999969,179658.37050000002,179129.71590000016,345198.31649999676,52285.21159999999
