children,teen,young_adult,adult,senior
596828.4419999926,191548.54000000143,213922.5410000013,377948.93300000107,15029.792000000003
