children,teen,young_adult,adult,senior
26442.28799999998,12203.253999999986,15291.855999999982,23478.852999999996,1436.990000000001
