children,teen,young_adult,adult,senior
483177.6630000007,201784.38400000051,219279.35600000017,334630.40100000164,22213.364
