children,teen,young_adult,adult,senior
218231.42299999963,70843.00599999986,94469.13499999978,110489.22299999984,7634.769999999996
