children,teen,young_adult,adult,senior
750282.5999999983,305983.2099999994,343693.64,478020.09000000125,44703.91
