children,teen,young_adult,adult,senior
43250.17999999987,9773.079999999985,9593.729999999996,29894.089999999946,3803.929999999995
