children,teen,young_adult,adult,senior
690300.8970999973,249844.7741000015,311471.2931000031,436994.2164000048,46491.09860000001
