children,teen,young_adult,adult,senior
266369.9479999992,127445.04199999968,166964.74900000088,225872.90299999935,31830.52300000001
