children,teen,young_adult,adult,senior
558442.1830000009,242311.2710000001,212914.22899999996,341675.5010000018,60081.29599999994
