children,teen,young_adult,adult,senior
380532.17099999724,123167.66200000003,159486.02599999998,242991.23999999982,10534.776999999998
