children,teen,young_adult,adult,senior
205182.2179999996,58723.770999999804,60576.314999999995,134430.05000000037,8977.046999999999
