children,teen,young_adult,adult,senior
736026.1120000007,228502.067999999,323585.1129999986,417183.6909999965,21817.87600000001
