children,teen,young_adult,adult,senior
48258.3299999994,16217.550000000057,22699.48999999993,23848.679999999997,2156.689999999999
