children,teen,young_adult,adult,senior
276681.2269999997,133844.72200000007,149303.049,254641.92500000002,30932.07099999999
