children,teen,young_adult,adult,senior
195549.57199999868,85019.49999999996,77158.62400000003,97171.70200000038,13881.595999999998
