children,teen,young_adult,adult,senior
50090.460099999575,18942.21479999994,17720.214299999934,29674.048900000038,1511.9521000000007
