children,teen,young_adult,adult,senior
2379889.8029999756,1534861.3010000095,2173162.3820000077,3159018.9359999243,197480.42000000007
