children,teen,young_adult,adult,senior
265263.30000000173,110083.02000000025,145129.45000000094,182871.4400000003,13140.099999999999
