children,teen,young_adult,adult,senior
101578.73699999925,49591.16200000022,52581.361999999994,67645.53399999994,3330.525999999999
