children,teen,young_adult,adult,senior
1212207.2379999866,545827.7869999983,621208.7859999983,862163.7819999943,49074.23699999997
