children,teen,young_adult,adult,senior
497845.67099999916,209721.1820000004,225095.19200000048,361695.70600000065,45890.508
