children,teen,young_adult,adult,senior
260405.02399999983,140096.64899999928,160118.84999999916,253613.48299999934,34622.819999999985
