children,teen,young_adult,adult,senior
404124.31519999984,115641.5950000001,129156.09219999996,227098.1912999989,14086.824699999996
