children,teen,young_adult,adult,senior
369658.86800000217,127194.99900000032,157681.5479999996,229861.00100000028,10709.226999999999
