children,teen,young_adult,adult,senior
25121881.73000104,12077601.035000378,13711438.32000061,20877847.85300106,2659504.1049999627
