children,teen,young_adult,adult,senior
25590303.756000742,12124700.751999885,13335626.014999771,19517693.460999895,2273287.5250000106
