children,teen,young_adult,adult,senior
26299141.42699964,12470453.727000376,13940491.099000223,20733756.659999963,2371254.294000007
