children,teen,young_adult,adult,senior
25463391.80190148,11713723.998899484,13922270.36969912,21238359.526200812,2731737.546899999
