children,teen,young_adult,adult,senior
30830147.29999913,14447138.39999979,17151369.01999991,26204539.089999147,3167239.8899999913
