children,teen,young_adult,adult,senior
72126849.1610944,32355348.0185613,38270445.46184324,58358666.524666704,6782307.24591602
