children,teen,young_adult,adult,senior
6835152.467999878,3223192.384000085,3294646.9850001098,4709134.311000102,531820.7869999992
