children,teen,young_adult,adult,senior
7409997.539999946,3235228.4880000604,3206645.625000052,4466772.751999948,407524.3729999995
