children,teen,young_adult,adult,senior
7117654.689999899,3206046.0570000946,3297927.51600007,4678770.231,412413.41000000056
