children,teen,young_adult,adult,senior
6792704.082500008,3197100.8811999084,3324108.3177998983,4751315.537399906,546811.4609999979
