children,teen,young_adult,adult,senior
8696496.770000055,3758740.3599999114,3845317.9599999273,5836086.770000131,639424.3300000007
